condition,indicator,family,importance,direction,signed,alternatives
balanced_optimizer,gwp,environmental_impact,0.05309,-0.68,-0.03608,1067
balanced_optimizer,wdp,environmental_impact,0.00496,-0.29,-0.00144,732
balanced_optimizer,fwu,environmental_impact,0.0059,-0.549,-0.00324,795
balanced_optimizer,circ_orig,circularity,0.01033,0.338,0.00349,1014
balanced_optimizer,fu_recyc,circularity,0.01944,0.691,0.01343,1032
balanced_optimizer,fu_incin,circularity,0.00595,-0.393,-0.00234,1078
balanced_optimizer,fu_inert,circularity,0.01624,-0.787,-0.01278,1026
balanced_optimizer,fu_haz,circularity,0.01485,-0.447,-0.00663,1076
balanced_optimizer,cost_product,cost,0.02809,-0.564,-0.01584,1080
balanced_optimizer,cost_labour,cost,0.02011,-0.486,-0.00978,1080
balanced_optimizer,cost_maintenance,cost,0.01729,-0.281,-0.00486,1080
balanced_optimizer,health,health_safety,0.079,0.795,0.06281,1080
balanced_optimizer,u_value,performance,0.06774,-0.743,-0.0503,1080
balanced_optimizer,acoustic_reduction,performance,0.03503,0.539,0.01887,1080
balanced_optimizer,surface_mass,performance,0.00989,-0.034,-0.00034,1080
balanced_optimizer,heat_capacity,performance,0.0153,0.151,0.00231,1080
balanced_optimizer,fire_reaction,health_safety,0.0597,0.565,0.03371,1080
balanced_optimizer,thickness,performance,0.00768,-0.084,-0.00065,1080
circular_economy_advocate,gwp,environmental_impact,0.04408,-0.702,-0.03094,1067
circular_economy_advocate,wdp,environmental_impact,0.00425,-0.203,-0.00086,732
circular_economy_advocate,fwu,environmental_impact,0.00546,-0.556,-0.00304,795
circular_economy_advocate,circ_orig,circularity,0.02179,0.411,0.00895,1014
circular_economy_advocate,fu_recyc,circularity,0.06611,0.688,0.04547,1032
circular_economy_advocate,fu_incin,circularity,0.006,-0.221,-0.00132,1078
circular_economy_advocate,fu_inert,circularity,0.04001,-0.791,-0.03164,1026
circular_economy_advocate,fu_haz,circularity,0.01689,-0.289,-0.00489,1076
circular_economy_advocate,cost_product,cost,0.0101,-0.493,-0.00498,1080
circular_economy_advocate,cost_labour,cost,0.0076,-0.389,-0.00296,1080
circular_economy_advocate,cost_maintenance,cost,0.00701,-0.281,-0.00197,1080
circular_economy_advocate,health,health_safety,0.06785,0.636,0.04314,1080
circular_economy_advocate,u_value,performance,0.03878,-0.726,-0.02814,1080
circular_economy_advocate,acoustic_reduction,performance,0.02666,0.473,0.01262,1080
circular_economy_advocate,surface_mass,performance,0.00675,-0.03,-0.0002,1080
circular_economy_advocate,heat_capacity,performance,0.01068,-0.013,-0.00014,1080
circular_economy_advocate,fire_reaction,health_safety,0.04882,0.562,0.02746,1080
circular_economy_advocate,thickness,performance,0.00568,-0.057,-0.00032,1080
cost_conscious_developer,gwp,environmental_impact,0.01998,-0.644,-0.01288,1067
cost_conscious_developer,wdp,environmental_impact,0.00503,-0.219,-0.0011,732
cost_conscious_developer,fwu,environmental_impact,0.00606,-0.434,-0.00263,795
cost_conscious_developer,circ_orig,circularity,0.00913,0.125,0.00114,1014
cost_conscious_developer,fu_recyc,circularity,0.00688,0.465,0.0032,1032
cost_conscious_developer,fu_incin,circularity,0.00399,-0.339,-0.00135,1078
cost_conscious_developer,fu_inert,circularity,0.00556,-0.605,-0.00336,1026
cost_conscious_developer,fu_haz,circularity,0.01033,-0.41,-0.00424,1076
cost_conscious_developer,cost_product,cost,0.08612,-0.537,-0.04621,1080
cost_conscious_developer,cost_labour,cost,0.06297,-0.426,-0.02685,1080
cost_conscious_developer,cost_maintenance,cost,0.05476,-0.252,-0.0138,1080
cost_conscious_developer,health,health_safety,0.06771,0.61,0.0413,1080
cost_conscious_developer,u_value,performance,0.05101,-0.7,-0.03573,1080
cost_conscious_developer,acoustic_reduction,performance,0.03214,0.347,0.01116,1080
cost_conscious_developer,surface_mass,performance,0.0102,-0.1,-0.00102,1080
cost_conscious_developer,heat_capacity,performance,0.01632,0.099,0.00162,1080
cost_conscious_developer,fire_reaction,health_safety,0.05021,0.376,0.0189,1080
cost_conscious_developer,thickness,performance,0.01051,-0.217,-0.00228,1080
health_safety_focused,gwp,environmental_impact,0.01805,-0.516,-0.00931,1067
health_safety_focused,wdp,environmental_impact,0.00584,-0.379,-0.00221,732
health_safety_focused,fwu,environmental_impact,0.00595,-0.329,-0.00196,795
health_safety_focused,circ_orig,circularity,0.00918,0.079,0.00072,1014
health_safety_focused,fu_recyc,circularity,0.00587,0.482,0.00283,1032
health_safety_focused,fu_incin,circularity,0.00362,-0.216,-0.00078,1078
health_safety_focused,fu_inert,circularity,0.0044,-0.525,-0.00231,1026
health_safety_focused,fu_haz,circularity,0.01141,-0.354,-0.00404,1076
health_safety_focused,cost_product,cost,0.0089,-0.531,-0.00473,1080
health_safety_focused,cost_labour,cost,0.00803,-0.389,-0.00312,1080
health_safety_focused,cost_maintenance,cost,0.00668,-0.227,-0.00152,1080
health_safety_focused,health,health_safety,0.12526,0.87,0.10894,1080
health_safety_focused,u_value,performance,0.03636,-0.704,-0.02559,1080
health_safety_focused,acoustic_reduction,performance,0.02758,0.532,0.01468,1080
health_safety_focused,surface_mass,performance,0.00918,-0.101,-0.00092,1080
health_safety_focused,heat_capacity,performance,0.01732,0.058,0.00101,1080
health_safety_focused,fire_reaction,health_safety,0.10726,0.613,0.06575,1080
health_safety_focused,thickness,performance,0.00764,-0.29,-0.00222,1080
occupant_comfort_focused,gwp,environmental_impact,0.01546,-0.526,-0.00813,1067
occupant_comfort_focused,wdp,environmental_impact,0.0043,0.029,0.00012,732
occupant_comfort_focused,fwu,environmental_impact,0.00489,-0.137,-0.00067,795
occupant_comfort_focused,circ_orig,circularity,0.0117,0.151,0.00176,1014
occupant_comfort_focused,fu_recyc,circularity,0.00745,0.607,0.00452,1032
occupant_comfort_focused,fu_incin,circularity,0.00453,-0.285,-0.00129,1078
occupant_comfort_focused,fu_inert,circularity,0.00647,-0.552,-0.00357,1026
occupant_comfort_focused,fu_haz,circularity,0.00971,-0.385,-0.00374,1076
occupant_comfort_focused,cost_product,cost,0.00874,-0.505,-0.00441,1080
occupant_comfort_focused,cost_labour,cost,0.0076,-0.322,-0.00245,1080
occupant_comfort_focused,cost_maintenance,cost,0.00594,-0.152,-0.0009,1080
occupant_comfort_focused,health,health_safety,0.08753,0.834,0.07297,1080
occupant_comfort_focused,u_value,performance,0.08617,-0.74,-0.06378,1080
occupant_comfort_focused,acoustic_reduction,performance,0.04164,0.589,0.02454,1080
occupant_comfort_focused,surface_mass,performance,0.01123,0.028,0.00031,1080
occupant_comfort_focused,heat_capacity,performance,0.02029,0.294,0.00597,1080
occupant_comfort_focused,fire_reaction,health_safety,0.06355,0.563,0.0358,1080
occupant_comfort_focused,thickness,performance,0.0088,0.049,0.00043,1080
pragmatic_contractor,gwp,environmental_impact,0.02398,-0.625,-0.01498,1067
pragmatic_contractor,wdp,environmental_impact,0.00508,-0.274,-0.00139,732
pragmatic_contractor,fwu,environmental_impact,0.00656,-0.529,-0.00347,795
pragmatic_contractor,circ_orig,circularity,0.00902,0.217,0.00195,1014
pragmatic_contractor,fu_recyc,circularity,0.00774,0.538,0.00416,1032
pragmatic_contractor,fu_incin,circularity,0.00443,-0.477,-0.00211,1078
pragmatic_contractor,fu_inert,circularity,0.0071,-0.68,-0.00483,1026
pragmatic_contractor,fu_haz,circularity,0.01223,-0.42,-0.00514,1076
pragmatic_contractor,cost_product,cost,0.04099,-0.548,-0.02245,1080
pragmatic_contractor,cost_labour,cost,0.04282,-0.514,-0.02199,1080
pragmatic_contractor,cost_maintenance,cost,0.03131,-0.332,-0.01041,1080
pragmatic_contractor,health,health_safety,0.07202,0.71,0.05112,1080
pragmatic_contractor,u_value,performance,0.06041,-0.715,-0.04321,1080
pragmatic_contractor,acoustic_reduction,performance,0.03438,0.438,0.01507,1080
pragmatic_contractor,surface_mass,performance,0.01316,-0.132,-0.00174,1080
pragmatic_contractor,heat_capacity,performance,0.01761,0.076,0.00134,1080
pragmatic_contractor,fire_reaction,health_safety,0.05672,0.448,0.02539,1080
pragmatic_contractor,thickness,performance,0.01461,-0.373,-0.00545,1080
regulatory_aligned_builder,gwp,environmental_impact,0.0686,-0.659,-0.0452,1067
regulatory_aligned_builder,wdp,environmental_impact,0.00684,-0.334,-0.00228,732
regulatory_aligned_builder,fwu,environmental_impact,0.00869,-0.305,-0.00265,795
regulatory_aligned_builder,circ_orig,circularity,0.00992,0.146,0.00145,1014
regulatory_aligned_builder,fu_recyc,circularity,0.00981,0.557,0.00547,1032
regulatory_aligned_builder,fu_incin,circularity,0.00531,-0.264,-0.0014,1078
regulatory_aligned_builder,fu_inert,circularity,0.00724,-0.718,-0.0052,1026
regulatory_aligned_builder,fu_haz,circularity,0.01267,-0.319,-0.00404,1076
regulatory_aligned_builder,cost_product,cost,0.01173,-0.544,-0.00638,1080
regulatory_aligned_builder,cost_labour,cost,0.00979,-0.462,-0.00452,1080
regulatory_aligned_builder,cost_maintenance,cost,0.00796,-0.275,-0.00219,1080
regulatory_aligned_builder,health,health_safety,0.09538,0.826,0.07877,1080
regulatory_aligned_builder,u_value,performance,0.07193,-0.745,-0.05357,1080
regulatory_aligned_builder,acoustic_reduction,performance,0.03479,0.52,0.01809,1080
regulatory_aligned_builder,surface_mass,performance,0.00994,0.031,0.00031,1080
regulatory_aligned_builder,heat_capacity,performance,0.01823,0.18,0.00328,1080
regulatory_aligned_builder,fire_reaction,health_safety,0.08053,0.57,0.04587,1080
regulatory_aligned_builder,thickness,performance,0.00801,0.053,0.00043,1080
sustainability_maximalist,gwp,environmental_impact,0.10432,-0.692,-0.07219,1067
sustainability_maximalist,wdp,environmental_impact,0.00725,-0.42,-0.00305,732
sustainability_maximalist,fwu,environmental_impact,0.01036,-0.542,-0.00561,795
sustainability_maximalist,circ_orig,circularity,0.01407,0.291,0.00409,1014
sustainability_maximalist,fu_recyc,circularity,0.02981,0.634,0.01889,1032
sustainability_maximalist,fu_incin,circularity,0.00655,-0.256,-0.00168,1078
sustainability_maximalist,fu_inert,circularity,0.02295,-0.789,-0.01811,1026
sustainability_maximalist,fu_haz,circularity,0.01612,-0.25,-0.00404,1076
sustainability_maximalist,cost_product,cost,0.00936,-0.537,-0.00502,1080
sustainability_maximalist,cost_labour,cost,0.00783,-0.44,-0.00344,1080
sustainability_maximalist,cost_maintenance,cost,0.00681,-0.282,-0.00192,1080
sustainability_maximalist,health,health_safety,0.07647,0.582,0.04447,1080
sustainability_maximalist,u_value,performance,0.05149,-0.736,-0.03791,1080
sustainability_maximalist,acoustic_reduction,performance,0.02782,0.503,0.014,1080
sustainability_maximalist,surface_mass,performance,0.00852,0.021,0.00018,1080
sustainability_maximalist,heat_capacity,performance,0.0121,0.109,0.00132,1080
sustainability_maximalist,fire_reaction,health_safety,0.04993,0.531,0.02651,1080
sustainability_maximalist,thickness,performance,0.00701,-0.033,-0.00023,1080
